,pitcher_id,batter_id,pitch_type,start_speed,end_speed,spin_dir,spin_rate,pfx_x,pfx_z,px,pz,x0,y0,ax,ay,az,vx0,vy0,vz0,sz_top,sz_bot
3,621121,543829,FT,91.5,83.1,240.402,2054.023,-9.166785086078256,5.20697320269708,0.0372167186754536,2.46203530907523,-1.28679855953524,50,-16.364790633794,29.1113568068696,-22.8784203184209,6.59222376820387,-132.932089538521,-3.5695888356963,3.1310873488383066,1.1929354602161908
7,621121,516416,FT,93.9,85.3,231.451,2519.473,-9.866482749491077,7.861756064317032,0.78406861944311,1.70486885631862,-1.38702739638226,50,-18.4918601686388,30.3168309053345,-17.4394670938726,9.27406830003869,-136.150709447484,-6.47454574365271,3.545234501833093,1.5317901742485347
8,621121,516416,CH,86.4,78.9,258.741,2328.354,-12.438088507604999,2.476163182935132,0.89533354793297,1.04832911953636,-1.6205501049886,50,-19.7012753754356,25.629013339722,-28.2519368339023,10.2019064810186,-125.166265766818,-4.86503584103353,3.4502891387281736,1.5782070285122671
9,621121,516416,CH,87.7,80.1,257.016,2408.885,-12.60072144991368,2.9054225236634883,0.0803884499360285,2.26627152236181,-1.53189298688908,49.9999999999999,-20.6108671628019,27.2915276626978,-27.4216795809658,8.15257288763448,-127.388572221269,-2.45557896776892,3.13375568008572,1.315353462158889
10,621121,516416,KC,85.9,79.1,55.751,644.302,2.8996485437034,-1.97412468959322,0.580101155703933,1.27152490117288,-1.63550914886522,50.0000000000001,4.58819432708679,25.1088662429256,-35.2977608150841,4.53821965739778,-124.98391838273,-2.74891504392178,3.4940680842174956,1.4905923570287882
11,621121,516416,KC,87.2,80.6,38.837,921.555,3.0834595449971998,-3.829841088012228,1.07450921448481,1.14512228988569,-1.55844886499754,50,5.05022854874923,24.3781271194722,-38.4467343230503,5.601224994315,-126.777639132513,-2.9772867735976,3.13375568008572,1.315353462158889
15,621121,571745,KC,85.7,78.8,34.178,1192.611,3.649749714153744,-5.3747116225298885,0.192530433173931,2.10178818547611,-1.57371361397512,50,5.76075604141488,24.6944832752422,-40.6574802641663,3.18418305645344,-124.744121803984,0.0180172997534335,3.261557109278584,1.4503611609751843
16,621121,571745,CH,87.8,80.7,257.571,1894.561,-9.853886124260892,2.17176789187194,-0.0606721721165875,2.17820608851732,-1.59544551823051,50,-16.2603137441293,25.6287022933204,-28.5903226176539,7.09381833706177,-127.503487282606,-2.43280127558349,3.173989976249281,1.275119341991065
20,621121,443558,KC,85.0,78.3,63.057,1263.962,6.18219963675522,-3.142171688659896,0.847860464868552,1.83428199989011,-1.53370263994451,50,9.61104103931859,24.1002705669407,-37.0589670040246,3.85972310187738,-123.747617004024,-1.31449636260541,3.85612431882911,1.6515171892102458
21,621121,443558,CH,88.2,80.5,261.189,2033.026,-10.657921665683675,1.6520178215522399,-0.606116848163788,1.89772100098535,-1.60602839590249,50,-17.7388820788032,26.0425432246858,-29.424455319791,6.0351943757434,-128.097585263341,-2.82293100608541,3.465688766157051,1.4863485261203664
22,621121,443558,FT,96.7,88.1,237.080,2591.618,-10.510669907645964,6.804597227192124,1.35486457363672,3.1499497335986,-1.07525406161754,50,-21.0532618783488,30.7373415762906,-18.5441877902248,10.5378923809778,-140.397863284449,-3.16754169545221,3.889838953031699,1.6852643775519809
23,621121,443558,KC,85.9,79.8,38.827,1744.505,6.041624324801557,-7.506743945806573,2.05041454729337,-0.980608182102811,-1.31288128179648,50,9.3996768050896,27.7740221040332,-43.8531870059173,6.31996685780655,-124.677175524695,-6.05898385079624,3.670972217315011,1.7290685742715723
24,621121,443558,KC,86.0,78.9,21.050,1467.840,2.923210220107284,-7.594894793382168,2.21370055846958,-0.104580952248147,-1.11292640799776,50,4.537293571639,29.0255390645358,-43.9625498028522,7.21584293481288,-124.847897225859,-4.11687770190132,3.6271964850058964,1.6852643775519809
25,621121,443558,CH,88.3,80.3,257.171,2182.633,-11.379770753702196,2.591489361919968,0.112595324857597,0.913646700251632,-1.45472692641818,50,-18.8016379252618,28.1776052692646,-27.8923942310008,7.68042719942413,-128.172795016209,-5.23515647445734,3.670972217315011,1.6852643775519809
30,621121,572122,KC,87.4,80.5,103.982,582.234,3.035575716345492,0.7558617256949951,1.37208437268801,0.221703777865136,-1.45973013993047,50,4.94375153859938,26.4729152091872,-30.9430489311364,6.10426844310978,-126.947085686684,-6.28476970599154,3.436681832075159,1.619111105016806
31,621121,572122,KC,85.7,78.9,39.606,1205.089,4.208542588221263,-5.0859805904020075,1.99904135382257,0.731059458947785,-1.47065935690138,50,6.5953286422644,25.5460946701242,-40.1444356343135,7.18097114261402,-124.545522581991,-3.18247349913097,3.436681832075159,1.443881551083436
32,621121,572122,KC,85.2,78.2,44.029,1469.551,5.66374600026084,-5.858869108874112,0.189570448826143,2.45083754866568,-1.75621270001623,50,8.72270492249755,26.8846852712333,-41.1972615348888,2.95134114595629,-123.898098376252,0.877486554103967,3.1538728275719023,1.2248266984919312
33,621121,572122,FT,95.4,86.8,228.421,2341.117,-8.57873048912568,7.610671508308656,-0.180898375975047,2.5964666380431,-1.33844791204982,50,-16.7491261178252,30.6079971018733,-17.3149622270973,6.22813942202471,-138.751732998341,-4.76714484276553,3.2615571092801474,1.4977475650893766
34,621121,572122,KC,85.3,78.5,60.900,1480.870,7.115503859123652,-3.960366377046288,0.0831564369106614,2.25488672255946,-1.56712960295478,50,11.0621290301657,25.2627616002225,-38.3310382421913,1.77701882314125,-124.029407349436,-0.251116295611759,3.1538728275719023,1.2248266984919312
75,621121,592387,FT,93.0,84.6,241.477,2310.179,-10.220626203455916,5.55459549639942,0.654772597684445,2.25358672802633,-1.27769298183226,50,-18.8815616641575,28.8987103708479,-21.9125014362301,8.69328674436312,-134.955000458551,-4.1474345125534,3.8164749243298957,1.698896259709528
76,621121,592387,CH,85.9,78.7,261.152,2000.833,-10.828978772303653,1.6857037385234879,0.0832387462396924,1.37174931227849,-1.46450879847773,50,-16.9840223173332,25.7198865282079,-29.5302138498079,7.25915629520684,-124.632350932815,-3.54571639194995,3.3449857881814395,1.4360558513010773
77,621121,592387,FT,95.5,86.7,242.509,2390.670,-10.386251509728769,5.40453035282694,0.606601888343647,3.36720407333866,-1.09560995851124,50,-20.2993260126205,30.8352653998671,-21.6112075281371,8.36923226822395,-138.866339432671,-2.19409264905977,3.3449857881814395,1.4360558513010773
81,621121,452655,FT,94.9,86.0,241.791,2450.870,-10.685335053970224,5.731498605318924,0.75981430286186,2.85136763137874,-1.26739799891089,50,-20.5111958965172,31.0064942562923,-21.1720640533211,9.2835254297047,-137.778690107715,-3.25183980431748,3.413611196222675,1.6249186547255547
82,621121,452655,KC,85.6,79.0,29.011,1181.227,3.151546541537568,-5.6825453018475605,0.534081808105541,0.220358797240943,-1.66222340291637,50,4.90868751714812,25.9746235540513,-41.0248901420346,4.3777850007,-124.305347628934,-4.03176900439453,3.3899453748670894,1.537305680715093
83,621121,452655,FT,95.1,86.7,240.805,2093.993,-8.98415944828415,5.020036846636188,0.45467107276286,1.97989798194926,-1.29067187361488,50,-17.4026302986325,29.9589831033855,-22.4500620410077,7.95204010251265,-138.116183032008,-5.08085092574082,3.0935213886976456,1.3958217168149716
84,621121,452655,KC,85.8,79.0,42.753,1132.071,4.190190911351532,-4.532294711823084,0.50680356568468,1.31614157896727,-1.66589515530385,50,6.60762148392922,24.8904556937849,-39.3211424580974,4.0114357206709,-124.738548317259,-1.81649185247606,3.0935213886976456,1.3958217168149716
88,621121,628338,KC,85.3,78.4,61.589,1344.248,6.4758299567635795,-3.5028851721006724,0.0746784257862217,1.76842693399491,-1.60294621212261,50,10.1138252428819,24.4910319849729,-37.644786471577,2.05003457785682,-124.099385641286,-1.14900697208649,3.241440691428288,1.4970737428849645
89,621121,628338,FT,94.7,86.8,234.399,1949.994,-7.817353754723004,5.596734193187077,-0.0732123799797338,2.74295167386668,-1.33115121404836,50,-15.0545269081655,29.9498869535351,-21.3959530329575,6.18947853281915,-137.75030214012,-3.32461150427731,3.1236971067916883,1.3555875871011693
90,621121,628338,KC,84.3,77.5,46.316,966.882,3.9208028543258164,-3.7445615060451605,1.13756129645364,0.106959758842215,-1.45176047839734,50,5.89924980190064,26.01578817541,-37.8081251839685,5.01085433139028,-122.401008777324,-4.30203890762024,3.1438142536800697,1.375704651362291
91,621121,628338,KC,86.7,79.6,31.520,970.335,2.7718186570422,-4.51940829725232,0.803373089737308,0.110510468005619,-1.28815172302468,50,4.40469696986226,28.2051023079688,-39.3558401869551,4.28790349192451,-125.964737555305,-4.80977020961738,3.1438142536800697,1.4633234977141143
92,621121,628338,FT,95.2,86.9,243.340,1882.102,-8.291549678459663,4.1628307406866085,0.690713134496271,2.01662241429512,-1.22386546550045,50,-16.0326532256787,31.2499328446023,-24.1247424205692,8.16191312903523,-138.285523255304,-4.59409258383132,3.1236971067916883,1.3555875871011693
134,621121,572287,FT,93.2,84.7,250.227,2272.368,-10.818641625041808,3.8890833471213,-0.59131949107252,2.93394141907738,-1.35366178293939,50,-19.9689212715537,31.4969364709151,-24.9956243264037,5.77685560908595,-135.477848487675,-2.00089338779468,3.1438142536800697,1.244943754997955
135,621121,572287,FT,94.7,86.6,243.926,2066.462,-9.151048801736808,4.47774426530544,-0.0535527569539899,2.48231451143725,-1.26690463559652,50,-17.6252206136407,29.9522736170572,-23.5497660028838,6.54030034290535,-137.758912159514,-3.69451031045717,3.1438142536800697,1.244943754997955
136,621121,572287,FF,94.0,85.4,210.076,1535.933,-3.832571160246696,6.617595861363911,2.06788688654667,2.76059379068974,-1.02903812641873,50,-7.23760414742204,29.3695607768499,-19.6770753106454,9.69053233716529,-136.408496753742,-3.55058414492774,3.766781075733057,1.6492817560564035
137,621121,572287,KC,86.0,79.1,30.953,807.044,2.2452314181471,-3.743409020344416,0.016315981610649,2.47388367827113,-1.59092116022272,50,3.58064062702662,23.9130415929586,-38.1439464981245,3.25728111364357,-125.141717459068,0.438705193071099,3.1438142536800697,1.244943754997955
138,621121,572287,KC,85.8,79.1,43.529,1165.084,4.40439889399794,-4.636384558095144,1.03644603402861,0.10058495894334,-1.43475772471906,50,6.89664882071353,26.3364937891111,-39.4339532254956,4.66574369321424,-124.690079435361,-4.33999056253121,3.6792322963886193,1.6930866065349832
139,621121,572287,CH,87.0,79.3,272.062,1867.062,-10.109890290789181,-0.363911016928542,-0.309292039735525,2.66895689260192,-1.66339129248291,50,-16.2557196720622,27.2212240155661,-32.7591820550753,6.635868003131,-126.395275463943,-0.150850003744298,3.1438142536800697,1.244943754997955
143,621121,543829,FT,95.6,87.1,243.001,1916.180,-8.361453953317657,4.260180875152536,1.52435912864624,1.99270895067689,-1.02018592720644,50,-16.3292373797541,30.5428336043215,-23.8542628852492,9.9537965948071,-138.754289488695,-5.01820972410609,3.3526712020543954,1.4137087099324077
144,621121,543829,KC,84.0,77.0,26.996,1236.556,3.1407511694499717,-6.164701432519344,-0.454847776439655,1.70930730392337,-1.80218786630844,50,4.72574874126227,24.9343092746278,-41.4498009045822,2.26205997576218,-122.137618103361,-0.269895904112741,3.4840109721647394,1.5013261752566862
145,621121,543829,FT,94.3,85.9,253.331,2181.269,-10.439911584060145,3.125965602310452,0.810185972294532,1.15475187574089,-1.03578599661704,50,-19.7167377725952,31.5444767841653,-26.2703736478219,8.63403153635807,-136.890174436267,-6.33009470967941,3.4840109721647394,1.5013261752566862
146,621121,543829,FT,95.2,87.2,243.095,1770.038,-7.736255212912344,3.925556088070656,0.150002542078048,3.40414191148366,-1.28568306184239,50,-15.0687502276965,30.1221006945049,-24.5278137092115,6.68247604446011,-138.499013566787,-1.28414009173354,3.1337556800872903,1.2047096431809479
150,621121,516416,CH,87.8,80.1,259.934,2014.267,-10.653695024130673,1.8910955321908078,0.510176154258439,0.946458564941518,-1.45600091489572,50,-17.4189235184196,27.5319765442679,-29.0820839031674,8.40491953174178,-127.421469960185,-4.98991943141984,3.13375568008572,1.315353462158889
151,621121,516416,FT,95.8,87.3,240.562,1831.083,-7.80161636879736,4.402668153217644,-0.0789112214470313,3.48645346526879,-1.16557209984326,50,-15.3223880422696,31.8778225534347,-23.5272006885005,5.7742016962636,-139.397321235232,-1.33994578612899,3.13375568008572,1.315353462158889
152,621121,516416,FT,95.5,86.5,244.932,1909.386,-8.493575779806024,3.9727855779959036,-0.331747604054335,3.71602103754122,-1.09595384133823,50.0000000000001,-16.560119901814,31.7414237962049,-24.4282172103172,5.11584709484906,-138.910246382358,-0.561402578035325,3.275165404620722,1.4467838273319416
153,621121,516416,KC,86.9,79.7,40.967,767.644,2.7214913607074402,-3.1341743258110197,1.20101911269029,1.21630525825519,-1.22660793369597,50,4.38077160986895,26.4576080170877,-37.2191139588516,5.16464161583624,-126.277310180282,-3.06442969998118,3.275165404620722,1.5344000907471482
154,621121,516416,CH,88.2,81.1,274.182,1877.413,-9.940579326129203,-0.7267750037772371,-0.816227571674149,1.6182786344719,-1.5187534132797,50.0000000000001,-16.5445215329338,26.4444728019078,-33.3836505630242,5.04645043973018,-128.190025762594,-2.7848093262459,3.13375568008572,1.315353462158889
203,621121,571745,KC,77.9,71.8,22.989,1088.255,2.56451877235488,-6.044273435988876,-0.122068949023556,1.07463641144606,-1.47318598761891,49.9999999999999,3.31905925002702,21.4831955719043,-39.9966864227113,2.27342280526605,-113.284905434798,-1.47638703982491,3.1840485510358363,1.4065519002804052
204,621121,571745,KC,83.4,76.3,48.087,1225.196,5.13392223522246,-4.608378436417716,1.00914257134202,1.94679866573488,-1.375722300132,50,7.62042015350591,24.382322562332,-39.0143897814934,4.10832385070567,-121.256578631636,-0.476608024162171,3.3591789051454555,1.4065519002804052
205,621121,571745,FT,93.6,85.0,248.779,2128.699,-9.94276019531952,3.860726265804984,0.573003083992112,2.59767845750603,-1.20606889945241,50,-18.5974335776764,30.0450815865098,-24.9527539783215,8.23924381918157,-135.967589211913,-2.90334602387071,3.392901844229719,1.4941696256735213
206,621121,571745,CH,87.0,79.4,259.486,1981.452,-10.492322339232636,1.9473626170070881,-0.423270232578357,1.85170472844254,-1.55595836845731,50.0000000000001,-16.9847602361486,25.9724908007183,-29.0216971442908,6.229505784618,-126.482913894703,-2.99983754186826,3.173989976249281,1.275119341991065
207,621121,571745,FT,95.7,86.7,229.617,2253.626,-8.396661151080517,7.141738657988448,-0.322707824473537,3.5775594255743,-1.18525524686626,50,-16.4709817185428,31.3111572340291,-18.1647364313126,5.36720936785663,-139.198873534341,-1.93119797365002,3.3591789051454555,1.4941696256735213
208,621121,571745,KC,87.1,79.7,36.843,450.150,1.453447797781224,-1.9397002181584921,0.600334534390398,1.76586488362754,-1.46598558544898,50,2.35660513623953,26.3310894017663,-35.3190583076271,4.69133658359058,-126.659778899174,-1.78615613686211,3.3053394828538742,1.3627418435639669
212,621121,443558,FT,94.9,86.2,242.170,2162.245,-9.452013597654386,4.989692159305788,1.43003219631497,2.11884421323256,-1.19219344024974,50,-18.1441430003332,30.4630753087496,-22.5958050286648,10.4652343878917,-137.661807344568,-4.29805096215883,3.8460671959265653,1.6414593849503163
213,621121,443558,FT,94.9,86.1,240.460,1986.480,-8.531665839811645,4.834820621068667,-0.640221372825147,3.03991406831972,-1.33828468775078,50,-16.4510005856757,31.1820057172595,-22.851410004685,4.92087889571074,-138.096969795252,-2.1027679426363,3.465688766157051,1.4863485261203664
218,621121,572122,KC,83.9,77.1,32.947,887.711,2.7079420585515,-4.178032202645652,0.876930780358585,0.983089234158586,-1.58768662881712,50,4.05779263001135,25.0099986698811,-38.4347394845496,5.07699165691192,-121.930443544624,-2.59739004928952,3.436681832075159,1.4876901335133397
219,621121,572122,KC,84.3,76.8,38.563,972.192,3.3767498754501117,-4.235425112347764,-1.13399820421477,3.14159732623045,-1.78459102542946,50,5.11781568566155,24.8313502083442,-38.5932758829818,0.51257221563977,-122.511602915994,2.14090126384147,3.3491210611638067,1.443881551083436
220,621121,572122,KC,83.3,76.5,31.290,1217.347,3.566972749241028,-5.868549203874528,-0.252037539190338,2.46861774271846,-1.55316550799775,50,5.27899822846095,24.5093684894077,-40.8593015787535,2.00096720462459,-121.127496126198,1.37134952234789,3.1538728275719023,1.2248266984919312
224,621121,592387,KC,86.4,79.4,12.709,1375.331,1.646898805995816,-7.301387323784016,0.473712984920671,1.17638598976305,-1.35175088232068,50,2.61994492301408,26.4348572213305,-43.7893539900515,3.98961219997815,-125.603952717622,-1.56443581108163,3.695210388571205,1.5674796372334967
225,621121,592387,CH,87.2,79.9,256.677,1496.714,-7.807561267823976,1.848898514191776,-1.14225374397679,3.16941314349801,-1.68456218277359,50,-12.7386829247411,25.7978165152281,-29.1574174824769,3.90070859464662,-126.892410632017,0.140753555605809,3.3449857881814395,1.4360558513010773
286,621121,452655,FT,92.1,83.4,244.812,2354.919,-10.847430942633816,5.101640722113876,-0.0476291862669864,3.57244987082082,-1.40690831350339,50.0000000000001,-19.6557682935911,29.0563760340188,-22.9297704889942,7.31112333382299,-133.815830700559,-0.776030987122265,3.3023829060864216,1.4058802499893162
287,621121,452655,KC,83.6,76.7,50.007,1243.894,5.335774372958616,-4.4759877750390835,0.0939283060370606,2.27894800767148,-1.74086800611532,50.0000000000001,7.98797995780109,23.9002611089536,-38.8748754916124,2.74077022874944,-121.605374200103,0.399403708057694,3.3698307893231387,1.4934979997894686
288,621121,452655,KC,84.5,77.6,46.426,1241.262,4.997977407645636,-4.75501628418768,-0.511503020043541,1.36626038259867,-1.76019780980898,50,7.61518147788494,25.0287407723026,-39.4190416768464,1.45293442629106,-122.852459741292,-1.55229535365538,3.0935213886976456,1.3958217168149716
292,621121,628338,FT,94.2,85.9,242.886,1922.605,-8.514626642136228,4.3597847371466765,0.860689446667251,1.57416818642479,-0.998793662193412,49.9999999999999,-16.145721785227,30.3461090525327,-23.906877913727,8.01188222970127,-136.876767280146,-5.82756779514601,3.1438142536800697,1.375704651362291
293,621121,628338,KC,85.7,78.8,54.555,284.926,1.2701717919365638,-0.9041023234968719,0.0577273842379617,1.59540119799648,-1.59273149685682,50.0000000000001,1.99427292376506,25.5107402717008,-33.5935626690167,3.65254692808758,-124.64271427088,-2.29655952318517,3.1236971067916883,1.3555875871011693
294,621121,628338,FT,94.5,86.2,233.056,1890.071,-7.476187626703524,5.6220268059134995,-0.286050413109417,1.31046095486282,-1.31699788227266,50,-14.3146304290417,30.3437040393007,-21.4095733978125,5.43521457655308,-137.476620236475,-6.91323649343743,3.1875987659763823,1.4633234977141143
295,621121,628338,FT,93.7,85.7,248.465,1968.701,-9.136302344765905,3.60520718435148,-0.208456021702686,2.73588429704578,-1.32734297319325,50,-17.2119200397129,29.8095241456699,-25.3821829370527,6.20885922615297,-136.356544566732,-2.41237294258124,3.1236971067916883,1.3555875871011693
299,621121,572287,KC,85.9,78.7,28.627,1223.899,3.193936516409736,-5.851155108365532,-0.06062036910001,2.09195445311413,-1.59063286164914,50,5.05348253735376,25.2973237940838,-41.4318124510965,2.75211046062022,-125.024925165933,0.102246551137945,3.6254001497474775,1.6492817560564035
300,621121,572287,FT,94.9,86.1,237.610,2020.394,-8.42185147489146,5.3425538374752,0.554912816599866,3.77482108852614,-1.2382129682099,49.9999999999999,-16.2199004540114,30.7469784586008,-21.8846612794883,7.86084637198103,-137.928258872525,-0.761284013092278,3.71981956658243,1.5354042478959329
301,621121,572287,CH,88.7,80.6,259.234,1832.399,-9.58119312110154,1.821815957299992,0.794402334112033,0.813385792528921,-1.4632557908009,50,-15.9595912001772,28.0909607626563,-29.1394121021843,8.8693246824161,-128.622265155319,-5.07100721467714,3.6354567141093668,1.6930866065349832
302,621121,572287,FT,95.0,86.4,253.787,2241.156,-10.693156498365516,3.10930216226358,-0.461445202950038,2.16425864992918,-1.13595413333946,50,-20.4952892502749,33.2294941258347,-26.2145316269028,5.60351106805139,-138.168397155762,-3.92454310675481,3.1438142536800697,1.244943754997955
303,621121,572287,FT,95.0,86.8,239.033,2210.031,-9.35917293677694,5.616141054034008,-0.201472508377804,2.03941389457985,-1.12583912474419,50,-18.0396513806301,31.3366098254433,-21.3490293583017,5.82913295151514,-138.106457578166,-5.07538127910974,3.1438142536800697,1.244943754997955
329,621121,543829,CH,84.9,76.9,269.614,1720.476,-9.560540835446135,0.06444407697386423,-1.94431656747748,3.16599495576896,-1.91819145410917,49.9999999999999,-14.6291677064651,26.1545021199586,-32.0754387365504,2.9487232003652,-123.362505283664,0.836271141908462,3.4402318439995128,1.4575178405927645
330,621121,543829,FT,93.4,85.6,242.932,2143.982,-9.56173336409826,4.886118816826656,0.535706747149194,1.7175387118903,-1.30856540725923,50,-17.8679109815891,29.4540324902205,-23.0434095038574,8.27726146860146,-135.779497260281,-5.42643573223984,3.1337556800872903,1.2047096431809479
334,621121,516416,KC,85.2,78.5,32.367,1057.847,3.109819988354088,-4.90620727485642,0.450423200533553,2.10332374645827,-1.51890099366664,49.9999999999999,4.83541514151818,24.5663105916415,-39.8026408971798,3.82919376153032,-123.869503631906,0.0679266518157572,3.13375568008572,1.315353462158889
338,621121,571745,KC,85.2,78.1,28.214,1203.308,3.145108182817896,-5.86171986936,-0.710022374823961,1.89057990966917,-1.58433266817525,50,4.85874278533655,26.1943436729196,-41.2295682617651,1.1374325379008,-123.902325650224,-0.273274799373606,3.173989976249281,1.275119341991065
343,621121,443558,CH,87.3,79.0,275.016,2101.277,-11.44408207550064,-1.0044444376532111,0.877979519571955,0.492840990455943,-1.48965916310627,50,-18.2542180081355,29.6376058408949,-33.7762170502438,9.55308173295548,-126.516913618432,-4.72525829676864,3.933609915163828,1.8166745801567572
344,621121,443558,KC,86.6,78.6,17.430,1146.434,1.873071122339556,-5.9652543713478,0.276884228594231,2.47366538172402,-1.41918150345658,50,2.98040901719708,27.6215969889844,-41.6658920354077,3.59882880534385,-125.89958211821,0.741489635513644,3.85612431882911,1.7391260130601296
345,621121,443558,FT,94.6,85.2,246.265,2048.938,-9.372435334793327,4.121020971509305,0.117198520121701,3.10346717473518,-1.30028327261371,50,-17.7800005645567,33.1955456714164,-24.3562559995719,7.12067402676034,-137.526213599665,-1.63748203848449,3.465688766157051,1.4863485261203664
346,621121,443558,CH,89.2,81.1,277.351,1923.307,-10.127554842893172,-1.3065584206846321,-0.0955850328419081,1.90228645316929,-1.46103964552879,50,-17.031810137191,29.6527965635206,-34.3713267049526,6.82128944019534,-129.538508020094,-1.83309815506326,3.465688766157051,1.4863485261203664
354,621121,572122,KC,86.9,79.4,42.769,765.110,2.815843725598008,-3.0440396336487963,1.57801047211007,1.45306842407431,-1.52848925870831,50,4.52170896222416,26.9772259794937,-37.0621967046066,6.81777224912802,-126.263447255097,-2.31633037564133,3.48046102472086,1.4000721726538856
355,621121,572122,KC,86.3,79.1,44.018,966.046,3.651650599829976,-3.7788414155556715,0.2603291606965,2.85469415143789,-1.70027217599538,50,5.80963956075201,26.2089014210599,-38.1860439490462,3.67966503707774,-125.554525660994,1.37924095957034,3.1538728275719023,1.2248266984919312
356,621121,572122,FT,95.0,85.7,240.332,1813.379,-7.79714498495394,4.441536915111888,-0.343341198028759,4.83551478934023,-1.21701895576756,50,-15.0011293974719,31.9343051728581,-23.6288605272463,5.13365098448636,-138.121289112272,1.96317817812609,3.392901844229719,1.5753049104586339
357,621121,572122,KC,86.0,79.2,38.508,1196.703,4.057605633564684,-5.099408580984144,-0.0125162763910085,2.36749983191075,-1.70989937150974,50,6.4214413939123,25.2620567367942,-40.2442151284429,2.88856719017358,-125.029240360571,0.773772594605276,3.1538728275719023,1.2248266984919312
361,621121,592387,CH,88.4,80.8,259.675,2282.824,-12.00675502764348,2.187370491718296,0.763906047756337,0.191139074185232,-1.5965884941039,50,-19.8279677905291,27.9204548648161,-28.5618226422772,9.88455339488002,-128.084835948322,-6.4272483587163,3.6514350965013094,1.611285973968684
362,621121,592387,KC,87.1,79.7,24.464,977.444,2.182519406526852,-4.796842649272284,0.403047038748792,1.81043340054703,-1.45581064258965,50,3.53361620347986,26.6135223375667,-39.9403945785194,3.93411843087132,-126.644352472605,-0.953574930400206,3.728927950152503,1.6550915147871308
363,621121,592387,CH,89.2,80.8,271.097,2070.679,-11.012734725802392,-0.21075424196874842,-1.39601120891307,1.11185705197465,-1.68056744616185,50,-18.4817705149476,30.0632477784633,-32.5277401355068,4.35613394827136,-129.512773576386,-3.98551234426012,3.782758587516291,1.611285973968684
364,621121,592387,KC,86.8,79.3,14.725,1214.309,1.678539125056944,-6.3861046204836365,1.05720812177693,1.53360384789659,-1.31758577027834,50,2.68543011772477,27.6438672991701,-42.3909314558423,5.35655999548676,-126.211733918422,-1.24581347393691,3.3449857881814395,1.4360558513010773
365,621121,592387,KC,87.3,79.5,18.218,777.598,1.314592685518284,-3.993837785964468,1.53823815654741,1.73752348819676,-1.19894721827321,49.9999999999999,2.12638956505345,27.8810878171994,-38.6341902308403,6.40865267881274,-126.890553704171,-1.40415811898143,3.3449857881814395,1.4360558513010773
394,621121,452655,FT,93.3,84.2,234.696,2207.383,-9.099208211128115,6.4434060590128315,0.1646929171934,2.46750521510591,-1.30352424141246,50,-16.8223833131428,31.0500228820955,-20.2616443063136,7.07005829351574,-135.477202401686,-4.18774873618003,3.0935213886976456,1.3958217168149716
400,621121,628338,FT,93.6,85.0,253.014,1948.037,-9.321477097851,2.847280653273624,-1.28180960604807,3.30368028081671,-1.39121517023182,50,-17.494223800677,30.2922313792546,-26.8303713206423,3.5481622195319,-136.228988051665,-0.777673474871444,3.1438142536800697,1.4195144725440514
401,621121,628338,KC,85.2,78.1,50.117,1139.661,4.7823644002053,-3.99608661016482,-1.36379143648463,2.80913890510666,-1.77446412821213,49.9999999999999,7.47876537340588,24.0490596410737,-38.423215635365,-0.517270206763877,-124.066130595086,1.25285567848759,3.1438142536800697,1.375704651362291
402,621121,628338,KC,84.9,77.5,27.967,1071.796,2.772259359479436,-5.22074376947778,-0.740610266543417,3.09422155530695,-1.62917974673393,50,4.27707268769091,24.6153801162482,-40.2286703253182,1.28785877592108,-123.445812400196,2.28545080541047,3.1538728275719023,1.365646119083479
403,621121,628338,KC,84.5,77.2,103.577,653.682,3.50112364495644,0.8455116484388605,-0.811596155161516,4.01715113781838,-1.54504781386107,49.9999999999999,5.38317162211481,23.187692191947,-30.8740275421483,0.676675134198176,-122.908469167337,2.60122375255474,3.1438142536800697,1.4633234977141143
404,621121,628338,FT,94.5,86.2,243.613,1987.438,-8.831265243998436,4.381332218049024,-0.0118299839175677,1.35463116913287,-1.39517960114188,50,-16.8507471302559,30.5752896896863,-23.814122853807,6.8579232918634,-137.312246733615,-5.99553436699758,3.1438142536800697,1.4633234977141143
412,606965,572287,SL,82.6,76.4,186.702,804.310,-0.5230629559347373,4.450276921931604,-0.721005880000998,3.72372675152339,-0.208461272165471,50,-0.77871850975762,19.9724451675467,-25.548626179764,-1.06251565844114,-120.328464218717,-1.3693161777543,3.6354567141093668,1.7368906611353694
413,606965,572287,SL,82.8,75.2,153.688,233.119,0.5893966521341928,1.1918986737231192,1.91499553301568,2.18604043379119,0.291481454559107,50,0.856949992536381,25.0929184638812,-30.4410940921445,3.66234330336054,-120.311111998516,-3.64052985705302,3.6354567141093668,1.7368906611353694
415,606965,572287,CH,83.2,76.6,271.480,1332.534,-7.472201035146563,-0.192967199098944,1.09197391104183,1.80092150145946,0.246564468159994,50,-11.1087613227407,22.9371076735675,-32.4609287605129,4.34433912059652,-120.985753319085,-4.25418614719061,3.1438142536800697,1.244943754997955
420,606965,572287,CH,84.2,76.5,267.577,1589.424,-8.878934091759888,0.37568711454618353,0.786447507030451,3.28585345153234,0.468230224691991,49.9999999999999,-13.3883144045182,25.1752707853801,-31.6075597014294,3.54446766769583,-122.314180211082,-1.29182090252473,3.7129508845315797,1.5616696673817714
421,606965,572287,CH,84.8,77.8,265.685,1437.071,-7.924889019558613,0.5980416927000001,0.459381821563954,3.04504968776205,0.32850906158675,50.0000000000001,-12.1824779509023,24.9951858246541,-31.2547133181631,2.8220673411308,-123.336739492922,-2.07335259991811,3.1438142536800697,1.244943754997955
425,606965,543829,FF,94.9,85.6,209.236,2435.218,-5.927007154205292,10.588883819186353,-1.17915743043658,3.32513642600574,0.0493128788643676,50,-11.3027380344921,33.2603537231784,-11.9811625395782,-1.24657071752182,-137.862175605164,-6.1012678738278,3.1839825735859364,1.2449017947662284
426,606965,543829,FF,95.5,86.1,213.895,2379.432,-6.555805957006632,9.757428041611547,-0.104180016966287,4.17283027768635,0.10430685980067,50,-12.7033391805219,33.4040345891062,-13.2668510653804,1.75439784105992,-138.88390902332,-3.81366475031655,3.1336750876699213,1.2046296686437543
427,606965,543829,SL,85.3,78.3,107.517,666.171,3.4920136141859635,1.1021994734508647,0.389970764757066,3.11633967473129,0.0932459483342323,50,5.42999359078814,25.1112812485849,-30.4601560182413,-0.383596549546849,-124.004435745126,-1.89047425589287,3.133675110355483,1.2046296913482877
428,606965,543829,FF,95.4,85.9,212.811,2241.807,-6.0249908858482435,9.344761519724184,0.496147001821244,3.54638051288225,0.332360536565434,50,-11.6084721188958,33.8915306533569,-14.1693070365308,2.57594595167149,-138.635726623832,-5.18595684071133,3.1336751328737975,1.2046297138570594
429,606965,543829,CH,85.4,78.8,255.241,1578.833,-8.385818914393512,2.209256869509768,-0.17210902571178,1.74145718763906,0.449981356752571,50,-13.0613736983345,25.1870382925453,-28.7330095997281,1.1434477879364,-124.115498626558,-5.3155258810289,3.133675155181514,1.2046297361536276
430,606965,543829,FF,96.4,87.4,219.271,2723.900,-8.423713614791712,10.30209376001238,0.734646840684397,2.06897384366596,0.440404245586507,50,-16.6240350419095,32.6967053776283,-11.843066818073,3.82607211447876,-139.875888700375,-9.27626111618864,3.1336751776982723,1.2046297586618238
434,606965,516416,SL,84.9,77.3,92.827,913.721,5.107616113170192,0.2522248115775948,0.860407410810689,1.04494697577335,0.114255065037683,50,7.75218593654079,27.4799506427707,-31.7912293323864,0.203624407101351,-123.237095573853,-6.00281958878778,3.4939896669090658,1.6219349188341212
435,606965,516416,SL,82.8,75.1,70.588,1473.614,7.974914184157308,-2.8101330365174038,1.45013409802184,2.21929136881759,0.215172687279684,50,11.5281076121958,26.4358834346256,-36.2362259418517,0.475922023936616,-120.335056423588,-2.17213229821223,3.450210483074642,1.5781285610025222
436,606965,516416,CH,83.5,76.3,277.023,1242.561,-6.929324795814012,-0.8536294795766195,0.411257484382647,2.45975789288028,0.638952599233302,50,-10.3243426503289,24.3516799055664,-33.445913204613,1.60970833190194,-121.455651562188,-2.57781918775457,3.5916024841953202,1.6219349631468276
437,606965,516416,SL,82.3,75.1,76.527,1363.208,7.6058618672758325,-1.822184716079424,0.636161088001384,3.07975345944278,0.142453600556309,50,10.9227029487438,24.6388275157086,-34.7908699921588,-1.15992023234284,-119.533488354244,-0.545250725895205,3.1336752673428023,1.3152736234928497
443,606965,571745,CH,83.4,76.4,268.682,1461.256,-8.203924707264612,0.1888060461710448,-0.201142685172326,2.32469489709982,0.527692955324019,50,-12.2179649983455,23.9661228710618,-31.8928629354128,0.806105894382028,-121.33598887021,-3.14019507342618,3.392822726143308,1.5817060159993943
447,606965,571745,FF,95.1,85.7,218.127,2216.568,-6.802544468113464,8.666939050344,0.241661584021365,3.07942691968704,0.224615735810992,50,-13.0317660674664,33.2771009130174,-15.5706257115674,2.44407130586456,-138.147941055286,-5.81107509331383,3.1739095922371803,1.2750395640426433
448,606965,571745,FF,94.6,85.8,220.325,2529.089,-8.1731214935646,9.62843825673384,-0.514886749814939,2.98267651104901,0.245211829351716,50,-15.5049926386514,32.7940616147897,-13.9082165349787,0.811511397574346,-137.439166422063,-6.27397377235855,3.173909614542076,1.27503958633595
449,606965,571745,FF,95.9,86.2,214.574,2459.232,-6.9466904148105355,10.079019652210249,-0.917028458296185,2.81338395748857,0.133385995174848,50,-13.3935719539785,36.4505558643807,-12.7411867364147,-0.411365118453416,-139.231957801232,-7.02697703038976,3.173909636850368,1.2750396086319782
539,501925,443558,SI,87.5,79.4,290.230,2065.371,-10.415052539696507,-3.838009591731132,-0.877255403322625,2.04861207129543,-2.4314322312197,49.9999999999999,-16.9885636019901,27.0715459086347,-38.4344365674997,7.28446084091189,-127.177848692736,3.9327844368795,3.9435889741270316,1.7828512205235185
540,501925,443558,SI,88.2,79.7,287.615,2012.913,-10.2302263406919,-3.248129067488508,-0.441809039899717,3.15975254515055,-2.44364495909919,50,-16.9253986658757,27.0572556347525,-37.5479159132835,8.40559210851803,-127.988900662674,6.34316415613739,3.8998179277943876,1.6952435085597415
541,501925,443558,FF,88.5,79.8,260.799,2113.034,-11.115843755720832,1.800538789436964,1.47597565040655,2.76808596735229,-2.32991597397584,50,-18.421084284366,27.2317783697549,-29.1902105746831,13.2606617922237,-128.12524780467,4.31051098152121,3.9335322190679776,1.772793967396332
542,501925,443558,SI,87.4,79.4,297.657,1931.825,-9.171510152736444,-4.806174056943204,-1.69207499699922,2.12955904437705,-2.44905725538108,50,-14.9927614525309,26.2863925094353,-40.0307504446787,4.88721885331505,-127.117490596069,4.52451725925121,3.845988967069644,1.8165968131640398
543,501925,443558,SL,78.9,71.9,123.051,1362.828,6.779463774029761,4.4111598504492955,-0.543540045200431,2.73882669238899,-2.6613128065675,50,9.03837789154653,21.4140892631354,-26.2930923337409,2.80300134245968,-114.79126267416,4.28302725380297,3.4656084442438555,1.4862688433695226
547,501925,572122,SI,87.3,79.2,288.071,2053.554,-10.51659782972394,-3.4313979368914795,-0.526236275971928,2.03992238760217,-2.38649723479326,50.0000000000001,-17.0601217047665,26.7125017810781,-37.7404938430797,8.06244229321182,-126.778844258108,4.08326763501548,3.1537926304779305,1.2247471192093116
548,501925,572122,SL,78.2,70.6,124.500,1722.355,8.556487872374305,5.880544285399321,-1.50947021586202,2.5286364716688,-2.71668030021364,50.0000000000001,11.1317296147274,22.3317508028849,-24.5236398900612,0.217525549289665,-113.774137361243,3.87660051401237,3.480382625739999,1.487611959580157
549,501925,572122,SI,86.9,79.0,298.838,2085.476,-9.893631829152612,-5.44753671075246,-0.644852201335748,1.35111627394756,-2.40264209576321,50,-15.9029936760696,26.8632730905446,-40.9304024775439,7.56950970692634,-126.292449371593,3.24399470347023,3.436603173129477,1.487611959580157
550,501925,572122,FF,88.3,79.3,259.358,2035.319,-10.739259551883697,2.018011271744028,-0.262082074949259,2.00739912136439,-2.40624743031631,50,-17.6839831604336,29.3638877087915,-28.8510562053584,8.91205548862182,-128.258136114274,2.40847665958833,3.480382625739999,1.4976693880784708
551,501925,572122,SL,78.8,71.7,121.990,1951.765,9.949541353405309,6.214694397533556,-0.322081858438189,2.48211220259335,-2.744987388281,50,13.0752543272012,23.4842952570249,-24.0069675898518,2.55081997874727,-114.592212044233,3.51666805491565,3.1537926304779305,1.2247471192093116
557,501925,592387,SL,77.2,69.9,122.049,1644.631,8.500175533095156,5.3215390768913045,-0.623807225467945,2.70874140843037,-2.60538570727208,50,10.7782437670599,21.2058224659814,-25.4263237402366,1.94122512612793,-112.173685042904,4.19982450734013,3.685075086917884,1.6550130372042702
558,501925,592387,SL,77.9,71.4,131.245,1203.568,5.431779273480624,4.762604328839304,-0.394307136191681,2.34828366192914,-2.54586183491744,50,7.07634557388946,20.8084402717437,-25.9694823607623,3.23817869798487,-113.442716556457,3.34147876070748,3.3449055146200806,1.4359761884633073
562,501925,452655,FF,88.2,80.0,258.674,2008.728,-10.479145570727688,2.098797359964588,0.500201385179725,1.90895153069546,-2.29371213109445,50,-17.3922839680244,26.7861046860455,-28.6906653521919,10.502693905825,-128.108472583212,1.90815278249089,3.3655658371373747,1.6670346987745006
563,501925,452655,FF,88.2,80.0,257.728,2345.969,-12.24476465360868,2.663429495268744,-0.307280702592193,2.0851500618846,-2.28111088351238,50,-20.2249796884999,27.5052044461148,-27.7747963888777,8.98786434515391,-127.998845757945,2.40287065771119,3.093441215729726,1.395742069903406
564,501925,452655,SL,78.0,71.0,120.883,1614.763,8.357780347885104,4.998500552080284,-0.906225388509556,1.27158742629503,-2.71812320509061,50,10.8470313341451,21.9637621690584,-25.6868127288131,1.62650546665665,-113.55406860196,1.326655052586,3.43364730343864,1.5372267376775426
565,501925,452655,FF,88.0,79.5,261.852,2066.153,-10.934894826744685,1.565525453483652,-1.14657315656401,2.68746760247944,-2.43742177341732,50.0000000000001,-18.0420351483642,27.6746601312993,-29.5910090572001,6.83255248156568,-127.976722798497,4.10881033735199,3.4774268096939664,1.6248401868361952
566,501925,452655,SI,87.3,79.2,295.988,2079.414,-10.083167173726164,-4.915122805454364,0.751905194986566,1.62564737727773,-2.25979112095481,49.9999999999999,-16.3093277020741,26.6073066741057,-40.1241645417107,10.7840476980779,-126.587464290039,3.66819284793974,3.3872067839305444,1.6886873423369622
575,444468,592325,SL,87.0,79.1,92.469,239.325,1.292177585077584,0.05574681049526112,-0.148991420912046,2.49766399995887,-1.70790223618048,49.9999999999999,2.08485890644041,26.8426667024388,-32.084104081531,3.46819095939586,-126.501020654715,-1.61583364349493,3.254378345564241,1.496994813968307
576,444468,592325,FF,98.1,88.5,209.601,2033.822,-4.8219031443781795,8.487246739466592,-0.689809296765329,3.40400860750988,-1.81141699133314,50,-9.88072769480276,34.6643145826379,-14.7825391460757,4.90979814558628,-142.681948684738,-3.59476021677526,3.254378345564241,1.5846097238760777
577,444468,592325,SL,87.8,80.4,51.572,504.889,2.112386014995876,-1.675834317107988,-0.0276827984751585,1.9760519439544,-1.84819018350557,50,3.48287648375416,26.8785165995925,-34.9371438866819,3.89602093457162,-127.749491037852,-2.30139621365735,3.244319772713588,1.3555079561106425
578,444468,592325,FF,98.4,89.6,210.576,2277.732,-5.523996376712375,9.349013687146044,-0.281618539801558,1.82040704028433,-1.65416914214538,50,-11.4145859544546,33.2406483104485,-12.855585428688,5.89477228210255,-142.921221409818,-7.9816095479525,3.244319772713588,1.3555079561106425
579,444468,592325,CH,92.4,84.4,258.594,2223.763,-11.116307796810792,2.242595997264072,-0.361493809676618,1.43995758237298,-1.68872032964093,50,-20.1658810005345,30.5235379227213,-28.1057981229478,7.32273924544078,-134.212576427109,-5.27291989778437,3.244319772713588,1.3555079561106425
624,444468,572287,FF,97.5,88.4,204.392,2249.844,-4.473357991844412,9.86461299319098,0.0727456644447206,1.99975385644242,-1.49668122656675,50,-9.07673766915484,33.0917203037521,-12.1580997970929,6.01052062625698,-141.720889266154,-7.72733176591626,3.6253228042208505,1.5615917211667778
625,444468,572287,FF,98.1,88.5,211.595,2206.119,-5.541423691679304,9.008855198616084,0.27685858474096,3.82534123354084,-1.63363374504457,50,-11.3680494252895,34.346562136701,-13.6926768257465,7.39274164004935,-142.688077974826,-2.87400490702633,3.1437340606069313,1.2448641677638932
626,444468,572287,SL,85.9,79.1,95.010,776.008,4.226265288442872,0.3704902026177984,2.12564889615671,0.556943246886151,-1.4816008359787,50,6.65084276693038,25.7000932562761,-31.5910108349137,7.5290832673866,-124.817361295711,-5.85452438480233,3.1437340606069313,1.2448641677638932
630,444468,543829,FF,97.9,88.8,212.831,2359.482,-6.178502460292116,9.575213334668364,-0.267363661663857,1.92370775168832,-1.73953635819141,50,-12.5393888053835,35.3132509602171,-12.7409701252822,6.35930629101412,-142.204497197832,-7.84901295715122,3.1336754910354614,1.2046300718487828
634,444468,516416,SL,88.0,79.7,143.056,940.557,3.0255050666809202,4.0230293577899285,1.14155719038587,3.0574399957911,-1.58383121128758,50,4.9843097493142,27.7741816546492,-25.5463867254729,5.87711047297723,-127.912210417694,-1.59613882025329,3.450210748664169,1.5343216519258647
635,444468,516416,FF,96.7,87.6,218.886,2019.863,-6.175209238591549,7.65664325986812,0.857406081987369,2.42282823446258,-1.39930634963085,50,-12.2745958629966,33.1943710037127,-16.9547745122924,8.4625826061993,-140.435554844075,-5.47109045121183,3.1336754910354614,1.315273847083823
639,444468,571745,SL,86.9,79.0,45.487,495.085,1.9179826416377401,-1.885578955742028,0.168508044025286,1.96535274942997,-1.80752105356666,50,3.07677927354582,27.9441759388547,-35.1988466561189,4.29535872784077,-126.43536238001,-2.01231770103341,3.3928229259643388,1.4502824991151897
640,444468,571745,FF,98.1,87.4,215.021,2022.603,-5.636456076986772,8.043035506324475,-0.50662490365248,3.27230021075962,-1.59677669218347,50,-11.4064656971164,37.88075642358,-15.8974010760824,5.08746277387148,-142.563846130393,-3.43396375337557,3.1739097711114894,1.2750397428283975
641,444468,571745,SL,86.4,79.0,47.333,457.836,1.84078882200774,-1.696591152704592,0.494957815109363,1.45050996693398,-1.62778855613317,50,2.91382084425868,27.4644145956893,-34.85961607283,4.65376636749611,-125.56877191488,-2.89057082730608,3.1739097711114894,1.2750397428283975
647,444468,443558,FF,97.7,89.1,209.268,2126.155,-4.975248664302408,8.876776049911129,1.09500991896557,1.45483784455363,-1.45205343520374,50.0000000000001,-10.1569209566153,31.3886868333237,-14.0521980174957,8.9501452419497,-141.752028301651,-8.5432065928755,3.889760990233718,1.728990326439579
648,444468,443558,FF,98.3,89.8,205.870,2162.501,-4.490157345034309,9.259052912945796,1.21749760870405,2.13624786218021,-1.39614269408118,50,-9.28777249355621,32.3442837407023,-13.0219408788804,9.01982267693606,-142.799169550322,-6.78576062703944,3.462945367643414,1.4836699135795541
649,444468,443558,SL,88.2,81.4,70.821,631.614,3.13667967429984,-1.0909362409780439,1.25935009305539,2.43914006720497,-1.53725989260297,50,5.28182655741025,24.6424296538329,-34.0110662338333,6.07717746144023,-128.449390270828,-1.50753273154879,3.462945367643414,1.4836699135795541
650,444468,443558,SL,86.3,80.8,77.965,747.932,3.942908035102716,-0.8405665814950489,2.30421936727975,-0.248663246656507,-1.47197134815108,49.9999999999999,6.32139188456916,23.6210166572678,-33.5216708492655,8.10189263532109,-125.373137338633,-7.23300576118557,3.845988967069644,1.8165968131640398
651,444468,443558,FF,98.3,89.2,207.480,2233.996,-4.923588843757428,9.465534252229272,2.08339170650874,2.53894555173934,-1.33715976925423,50,-10.137877710529,33.1261196798902,-12.6841131131833,11.4308894520861,-142.668482365605,-5.95367637471039,3.802216149556358,1.772793967396332
652,444468,443558,SL,88.3,81.5,17.943,445.518,0.7260885760615644,-2.241975377985552,0.477028868671673,0.715332031092652,-1.54384249376147,50,1.21539556786929,26.1677664092544,-35.9268784831262,4.88943300816362,-128.457518189128,-5.04868376522451,3.462945367643414,1.6165795653033186
